moxfield_id	display_title
n3QS3JZ_zkmwLhmLDTc8Sw	Hatsune Miku (Secret Lair Commander 2026 Precon Decklist...
VnAdVaM_b0u66KIAZCLI8A	Avengers Assemble (Marvel Super Heroes Commander Precon ...
-73tFnDWzkaLqk6HWSxYsA	Wakanda Forever (Marvel Super Heroes Commander Precon De...
mWQACuymy0OV-2MJgx2-TQ	Doom Prevails (Marvel Super Heroes Commander Precon Deck...
wTirZiBDAkSboEaniFJHiA	Wakanda Forever Collector's Edition (Marvel Super Heroes...
xnSNpTeDG0ySzjc6ssY_fQ	Doom Prevails Collector's Edition (Marvel Super Heroes C...
fbMRiG7ia0-hm464dMWcEQ	Avengers Assemble Collector's Edition (Marvel Super Hero...
cQBv30b2bE6sgTM_YaeNQQ	Counterpunch (Commander 2011 Precon Decklist)
Xv5AslbsKE-9-FPK3E3IHQ	Mind Flayarrrs (Battle for Baldur's Gate Commander Preco...
h1KFxvzBG0-tkfZVfBJg1A	Party Time (Battle for Baldur's Gate Commander Precon De...
z_LC4U8zVE6k4Z7EoxPV0g	Merciless Rage (Commander 2019 Precon Decklist)
FoYllHo-K0WwAeO4uX5uLg	Timeless Wisdom (Commander 2020 Precon Decklist)
RjnJ0tpS-UyYyu6jVUmR7g	Heavenly Inferno (Commander Anthology Precon Decklist)
647BlyGrEUCXfNB-PTvCxQ	Primal Genesis (Commander 2019 Precon Decklist)
3JwMHo6ANUeV4t-0eNLA5A	Planar Portal (Adventures in the Forgotten Realms Comman...
wZCqAM_hbEu-TrzZcSpFtw	Blight Curse (Lorwyn Eclipsed Commander Precon Decklist)
T2NwkZIrXUi9Zi7bcsnD2A	Enchantress Rubinia (Magic Online Theme Deck Precon Deck...
F1sBofALcku8lucubWf4oQ	Stalwart Unity (Commander 2016 Precon Decklist)
OWpCFVoDUk2nEGovF_iA0Q	Deathdancer Xira (Magic Online Theme Deck Precon Decklis...
LZNyKWehuEqouICSnbziFA	Entropic Uprising (Commander 2016 Precon Decklist)
qfOr1nvopUeSE7VOvrWx-A	Seize Control (Commander 2015 Precon Decklist)
Z0Cz_IU2mkC5Qp9y8Nxgog	Draconic Rage (Adventures in the Forgotten Realms Comman...
HoXmEZkVqEi0kybdMDAeIw	Draconic Domination (Commander 2017 Precon Decklist)
ZZIUxi1olEGLv284mGcMzw	Draconic Dissent (Battle for Baldur's Gate Commander Pre...
hNhQ07wNf0e7423P6S1P1g	Quantum Quandrix (Commander 2021 Precon Decklist)
m49dNeYETUm9-zfp4Q1FTA	Evasive Maneuvers (Commander 2013 Precon Decklist)
1fVIkyMjc0-PJiofqQgxBQ	Exquisite Invention (Commander 2018 Precon Decklist)
jWSmSfkdGEijTfTX_d8qNQ	Living Energy (Aetherdrift Commander Precon Decklist)
xVx32XM5BkWiriossGKFww	Wade Into Battle (Commander Anthology 2 Precon Decklist)
s-PLN5Vul0OF8a7xbff0RA	Guided by Nature (Commander Anthology Precon Decklist)
ZGQevjc2q0aMZ0IkiwOSIQ	Devour for Power (Commander Anthology 2 Precon Decklist)
C-kanWXqiE2nxFWMEouhAw	Aura of Courage (Adventures in the Forgotten Realms Comm...
B5nugPBRnkWIookZqo9N4g	Arm for Battle (Commander Legends Precon Decklist)
lrrdWuKxM0KM9uE9-x4LJw	Counter Blitz (Final Fantasy Commander Precon Decklist)
dne9B6FNGk2I86ppJ3iK5Q	Vampiric Bloodlust (Commander 2017 Precon Decklist)
eX6IyOAU70CFfkW0G6TYyw	Open Hostility (Commander 2016 Precon Decklist)
LWso_KepWEGAF8XjYQuH9Q	Enhanced Evolution (Commander 2020 Precon Decklist)
fTgFMxk5cESAhOVIks00kA	Riveteers Rampage (Streets of New Capenna Commander Prec...
70auYSm75E-Iwf4Oc0g7Lg	Mirror Mastery (Commander 2011 Precon Decklist)
_dM2RHtVoUqDHjMko8X4pQ	Silverquill Statement (Commander 2021 Precon Decklist)
IDfskZ7CAE2kBVwbWv3cpQ	Creative Energy (Modern Horizons 3 Commander Precon Deck...
Vn4nmThMX0W_rpxojp34gw	Evasive Maneuvers (Commander Anthology Precon Decklist)
O3zgKgwidEaOkEc0KeyRow	Power Hungry (Commander 2013 Precon Decklist)
EK6p0em0TEiKr4lVHSgWnA	Plunder the Graves (Commander 2015 Precon Decklist)
Ym001xPF0E2HZl91qKhcwQ	Dungeons of Death (Adventures in the Forgotten Realms Co...
Ta08Su5JcEGKM4IO9xQLXA	Sworn to Darkness (Commander 2014 Precon Decklist)
uloLw2zQHU-yXpeP1270dg	Graveyard Overdrive Collector's Edition (Modern Horizons...
uVAqU3YPRkuuIhT8t3Cm9Q	Angels: They're Just Like Us, but Cooler and with Wings ...
7Eph6jxhJkekY-as0pl7XA	Subjective Reality (Commander 2018 Precon Decklist)
Hq90LxdWMUCbrG9fdU3HaQ	Political Puppets (Commander 2011 Precon Decklist)
HQVV0USd-ECJa_7kyXdsnw	Mystic Intellect (Commander 2019 Precon Decklist)
ycs0QP5BTkWbs7hXNcTUdw	Breed Lethality (Commander 2016 Precon Decklist)
S2lFhE-IPUe6etycgIBVow	Eternal Bargain (Commander 2013 Precon Decklist)
gBEKby17r0OMidKZzGZfYQ	Faceless Menace (Commander 2019 Precon Decklist)
RTMMomJxi0iK-r6ZDzBXeQ	Heavenly Inferno (Commander 2011 Precon Decklist)
jU5ihzvK8ES7TOlRlw87og	Invent Superiority (Commander 2016 Precon Decklist)
flG8SlpN50qt-L-rQ6VftQ	Obscura Operation (Streets of New Capenna Commander Prec...
XrG-Ct9Mx0SZxXKayAp09w	Eternal Might (Aetherdrift Commander Precon Decklist)
caPxDQM6Zk6R7MNuhVVXqA	Mind Seize (Commander 2013 Precon Decklist)
K3C1rLmFKE-14OeUeHxdYQ	Reap the Tides (Commander Legends Precon Decklist)
VCpZU-l9Ykqx91BzMxKB5A	Forged in Stone (Commander 2014 Precon Decklist)
q30rAFH1j0aXV_UyLgUsDg	Plunder the Graves (Commander Anthology Precon Decklist)
UMBPmBxxhUy3a4gK1vKUXQ	Built from Scratch (Commander Anthology 2 Precon Decklis...
m2GByoxwLU-kOIAWK3nFkw	Nature's Vengeance (Commander 2018 Precon Decklist)
2SN7rtbtuEy6rydE2U55gA	Mishra's Burnished Banner (The Brothers' War Commander P...
AdqYsfYv-EKQE3RNbPoRuQ	20 Ways to Win (Secret Lair Commander 2024 Precon Deckli...
6G3OF7b3iU6qH4q_6lHVBw	Dance of the Elements (Lorwyn Eclipsed Commander Precon ...
qd28JYqCYUKhJtheTNKx6A	Nature of the Beast (Commander 2013 Precon Decklist)
p9lI8QQGH0eEeJmaPX0KVQ	Graveyard Overdrive (Modern Horizons 3 Commander Precon ...
7a4bmlDVbEeIlvXYrlTIIA	Ruthless Regiment (Commander 2020 Precon Decklist)
std5mk-aL0W4JDzG3IOwbg	Exit from Exile (Battle for Baldur's Gate Commander Prec...
m0KtPnA--U2IjyoF_oPP8Q	Swell the Host (Commander 2015 Precon Decklist)
y48MuxOOF0-B5kxdP7zNsw	Chaos Incarnate (Starter Commander Decks Precon Decklist...
4aWzNrYbU0utRRc4VP2y_g	First Flight (Starter Commander Precon Decklist)
VxCoYahRlUa2PjWX9fb53A	Breed Lethality (Commander Anthology 2 Precon Decklist)
fKnrv6xYNky-tT7oz45nmw	Feline Ferocity (Commander 2017 Precon Decklist)
Vgzv5-wfcUqwUbd77Flqhw	Lorehold Legacies (Commander 2021 Precon Decklist)
aPbAlXnx1kKMj7EYicfvsg	Prismari Performance (Commander 2021 Precon Decklist)
LMu_N7hy3UWNP-HBkaw_xQ	Bedecked Brokers (Streets of New Capenna Commander Preco...
8c7doWGiAE6zVNPRbPryDw	Arcane Wizardry (Commander 2017 Precon Decklist)
flLw5YvIOE2tBprZ_GTsmQ	Maestros Massacre (Streets of New Capenna Commander Prec...
vKenUyAq5Eaneqf1Dazp1w	Draconic Destruction (Starter Commander  Precon Decklist...
C69lZxaCm0mccIVMd6ZAMg	Grave Danger (Starter Commander Precon Decklist)
s-gC4gfPC0eVReuXm2Eo7w	Token Triumph (Starter Commander Precon Decklist)
fVwQLD6CyU6YhEzQfQWzJw	Adaptive Enchantment (Commander 2018 Precon Decklist)
tNJbhqMb_U-azRDNGIBooA	Arcane Maelstrom (Commander 2020 Precon Decklist)
eI5qvS1WQUqLpM4s4OcFXQ	Peer Through Time (Commander 2014 Precon Decklist)
dDRyzSWi_kegywH3X_WtQA	Built from Scratch (Commander 2014 Precon Decklist)
oOJLhXA4CUGsh8mxlF00IA	Devour for Power (Commander 2011 Precon Decklist)
qmDIgeU_VUijh2qAsWEe1g	Call the Spirits (Commander 2015 Precon Decklist)
mxn1Iad46kSGT5NR6N_3_g	Wade Into Battle (Commander 2015 Precon Decklist)
l3x5kJnQqkO_NstssuEk9g	Creative Energy Collector's Edition (Modern Horizons 3 C...
G0y9ltIwoUysUSoAYtyFfA	Raining Cats and Dogs (Secret Lair Commander 2024 Precon...
ONFl58ai-U-S3u539zDJQg	Cabaretti Cacophony (Streets of New Capenna Commander Pr...
VdxcZ7n6skOrhuElFAa5bg	Symbiotic Swarm (Commander 2020 Precon Decklist)
7r4b_MnVLkWFm4VyIWnfTQ	Guided by Nature (Commander 2014 Precon Decklist)
3VJLwSWcB0mjXMpYBiiB8g	Eldrazi Incursion Collector's Edition (Modern Horizons 3...
hfurOJ4iEEyrRCzypWhpKw	Forces of the Imperium (Warhammer 40,000 Commander Colle...
8erwc7vsiEanV87GMM3IuQ	Lorehold Spirit (Secrets of Strixhaven Commander Precon ...
KjdTzZ_tVE26-yKF0HvewQ	Prismari Artistry (Secrets of Strixhaven Commander Preco...
gGtJmNlez06i3p6Kved35g	Quandrix Unlimited (Secrets of Strixhaven Commander Prec...
zQLesJzHJEyCaNMw-GUT7w	Silverquill Influence (Secrets of Strixhaven Commander P...
CIe9QwsuMUm0xHZVdXcZJQ	Witherbloom Pestilence (Secrets of Strixhaven Commander ...
6WeWU_rriEaCGPmJ2l1e1g	Witherbloom Witchcraft (Commander 2021 Precon Decklist)
gzvtI9o53U6g06GgzF9keQ	The Fantastic Four Collector's Edition (Marvel Super Her...
C8ZTZpNsbk-uBqd69j4fMw	The Fantastic Four (Marvel Super Heroes Commander Precon...
eYurDI_IWUeqbNV5038DYQ	Goblin Storm (Secret Lair Commander 2026 Precon Decklist...
JHjwO92ZUEyNdPzE7D5d7A	Turtle Power! (Teenage Mutant Ninja Turtles Commander Pr...
TumgjYGGdECEru1sfjRoGw	Tricky Terrain Collector's Edition (Modern Horizons 3 Co...
GBX3VBGJH0ezo5sOEy53aQ	Tricky Terrain (Modern Horizons 3 Commander Precon Deckl...
K_R2ARDl_0W6Bs-mVi-vCA	Counter Intelligence (Edge of Eternities Commander Preco...
z4iIQoHd4ECI0GNv5H1u3g	World Shaper (Edge of Eternities Commander Precon Deckli...
TdOsPBP3302BdskyLVzU-A	Revival Trance (Final Fantasy Commander Precon Decklist)
wP8d8ugZaEWz2N9B-nMWeA	Revival Trance Collector's Edition (Final Fantasy Comman...
xNhT2XmIrkOu2lXb4-vjhg	Limit Break (Final Fantasy Commander Precon Decklist)
VW_xog8_F024oGmzaJ9t7Q	Limit Break Collector's Edition (Final Fantasy Commander...
ErmXaJTJ7EutCr1O0pzjCw	Counter Blitz Collector's Edition (Final Fantasy Command...
3s_W4MAiukee07B9aAs5EQ	Scions & Spellcraft (Final Fantasy Commander Precon Deck...
MFOA7Dh8LUiAE6_cehbrEA	Scions & Spellcraft Collector's Edition (Final Fantasy C...
ckpy_1FNIEiFMXqyA6NbYQ	Sultai Arisen (Tarkir Dragonstorm Commander Precon Deckl...
4LyEuAZJA0WFp-H1P-85VA	Everyone's Invited! (Secret Lair Commander 2025 Precon D...
VI61h_QqUEKf5tLvM5Pdcg	Painbow (Dominaria United Commander Precon Decklist)
dp8QKvCr3EqGF9-qu5Zzfg	Temur Roar (Tarkir Dragonstorm Commander Precon Decklist...
90IaIz_OaUyg1oE7a2OQsw	Jeskai Striker (Tarkir Dragonstorm Commander Precon Deck...
HRkJg22HtkC8VhQ49cHIMg	Abzan Armor (Tarkir Dragonstorm Commander Precon Decklis...
8KaWrDZ65k6x_VvjwJclGg	Mardu Surge (Tarkir Dragonstorm Commander Precon Decklis...
wWL4dez0i0euOvWSpmQ7UQ	Riders of Rohan (The Lord of the Rings Commander Precon ...
QTZDODqtBUOQGIoEbEDbCQ	Buckle Up (Kamigawa: Neon Dynasty Commander Precon Deckl...
_r0Tk4XqbEOws8IjeFPDlw	Upgrades Unleashed (Kamigawa: Neon Dynasty Commander Pre...
xaAqhJektkCFh_HAR8cBMg	Sneak Attack (Zendikar Rising Commander Precon Decklist)
hxxwZ5fXHEWBIKbY3HEpxQ	Land's Wrath (Zendikar Rising Commander Precon Decklist)
KnMheGE4ykelGVpKNvopNw	Virtue and Valor (Wilds of Eldraine Commander Precon Dec...
ozDFoD58AkeKWefQLjSo0A	Fae Dominion (Wilds of Eldraine Commander Precon Decklis...
fj8Av0UofkOhiyBAPSOwJw	Timey-Wimey (Doctor Who Commander Precon Decklist)
l-e7-HDtsk2hXy5HK7ASuQ	Paradox Power (Doctor Who Commander Precon Decklist)
4gxofFdLD0OQleQer2rVbg	Masters of Evil (Doctor Who Commander Precon Decklist)
EDdBpyjUFUOBH2ZoOzAkxA	Blast from the Past (Doctor Who Commander Precon Decklis...
lava2X1Op0aSeUHhPC5cfQ	Vampiric Bloodline (Innistrad: Crimson Vow Commander Pre...
zoNqxklcjEyz2NZ9MI6jpA	Spirit Squadron (Innistrad: Crimson Vow Commander Precon...
UP1ktQ_GyEK2KErkvoUt-g	Heads I Win, Tails You Lose (Secret Lair Commander 2021 ...
8wdob7tqoUujv-Ifp0S3cw	From Cute to Brute (Secret Lair Commander 2023 Precon De...
Z2KWcwO1u0GvQC4gbVjPZw	Scrappy Survivors (Fallout Commander Precon Decklist)
BA1a99vfi0W0YLlGC97t-A	Science! (Fallout Commander Precon Decklist)
EE44WgAwhUOI0XRfFQqolQ	Mutant Menace (Fallout Commander Precon Decklist)
d4lz50OUpUiGp3o-4kgX4g	Hail, Caesar (Fallout Commander Precon Decklist)
wpucJrNlHUSL8zosshILkQ	Quick Draw (Outlaws of Thunder Junction Commander Precon...
V766u1HzgUCREUUSgsnfFA	Most Wanted (Outlaws of Thunder Junction Commander Preco...
kwiSILSLR0ic9U38G00JZQ	Grand Larceny (Outlaws of Thunder Junction Commander Pre...
5MXFLs15ck6nh85X5VEjyQ	Desert Bloom (Outlaws of Thunder Junction Commander Prec...
RHTNEgHYMUigpM8XFwqUeQ	Rebellion Rising (Phyrexia All Will Be One Commander Pre...
PvZAYgl5MUWsWFdKKdyIww	Corrupting Influence (Phyrexia All Will Be One Commander...
-QW0UquytEiCFJE72zE59w	Tinker Time (March of the Machine Commander Precon Deckl...
Rwg0cZ0Yqk2ujq_GXIQA2g	Growing Threat (March of the Machine Commander Precon De...
SfNm_azRAUGtkhIuesdBIw	Divine Convocation (March of the Machine Commander Preco...
PrHvjllh3kuzVuSV2wyhCQ	Cavalry Charge (March of the Machine Commander Precon De...
9jXNLpQrv0CQN-d5sJeHFA	Call for Backup (March of the Machine Commander Precon D...
iGDLYBkYqEGQOinzm-807g	Revenant Recon (Murders at Karlov Manor Commander Precon...
kudcIOMGwkuN0hi99q10MQ	Deep Clue Sea (Murders at Karlov Manor Commander Precon ...
c9xQjfvGwkCMFmQWcdOKVw	Deadly Disguise (Murders at Karlov Manor Commander Preco...
BPBVD7NsT0SznrmdG4l3Tw	Blame Game (Murders at Karlov Manor Commander Precon Dec...
dj8xqpaSZUat_G4t1vXcSg	Coven Counters (Innistrad: Midnight Hunt Commander 2021 ...
DzZRd4RZDEWK4FwRJdSccw	Undead Unleashed (Innistrad: Midnight Hunt Commander 202...
guLGf5HBmUyrqbttAnng-A	Eldrazi Incursion (Modern Horizons 3 Commander Precon De...
Z4cD-XEZRUuH4W9jB_SvuA	The Hosts of Mordor (The Lord of the Rings Commander Pre...
S3X49Miklk6zsQk9VSrt2Q	Food and Fellowship (The Lord of the Rings Commander Pre...
4aKNkLrXmU-zsytziZ6JnQ	Elven Council (The Lord of the Rings Commander Precon De...
viXU1nCwOkmTU5FGQu8MFw	Veloci-Ramp-Tor (The Lost Caverns of Ixalan Commander Pr...
lnTvk7dGp0KzsvxIMxPDJg	Explorers of the Deep  (The Lost Caverns of Ixalan Comma...
OpCAH5tOAk6UznEeBm2y2Q	Blood Rites  (The Lost Caverns of Ixalan Commander Preco...
JvChR5Ti-0WW5QE3PD29hA	Ahoy Mateys (The Lost Caverns of Ixalan Commander Precon...
Go1B3kYCPk6ckaI7hPdShw	Phantom Premonition (Kaldheim Commander Precon Decklist)
diwSjxSEw0O9MDyJU9EYkg	Elven Empire (Kaldheim Commander Precon Decklist)
dL6gcTQ7hUq6nQq7fijzUA	Miracle Worker (Duskmourn Commander Precon Decklist)
caQw6W6nwkSjBJkBED-0-Q	Jump Scare! (Duskmourn Commander Precon Decklist)
pnGkUqRJ5EyzT3J7OSlWeg	Endless Punishment (Duskmourn Commander Precon Decklist)
pdTbH1kXzUuDht7kgBm-1g	Death Toll (Duskmourn Commander Precon Decklist)
9J-00z816kymdi6vRN_zog	Legends' Legacy (Dominaria United Commander Precon Deckl...
VgocEf5MwUC9SxeIj4iXzQ	Sliver Swarm (Commander Masters Precon Decklist)
8eidLxMRBkqRWg9yIN8nyA	Planeswalker Party (Commander Masters Precon Decklist)
c6yH4J1x7kGNjygB_L_yow	Enduring Enchantments (Commander Masters Precon Decklist...
KjThzhPw-UCQBu3v3CipMA	Eldrazi Unbound (Commander Masters Precon Decklist)
yvrb9gEkuUSVBT0ulhjxfA	Urza's Iron Alliance (The Brothers' War Commander Precon...
sxWCdd1NJ0q5JytH2RJyuA	Squirreled Away (Bloomburrow Commander Precon Decklist)
bTMR5Ab1PU-5UzXaQ_OsgQ	Peace Offering (Bloomburrow Commander Precon Decklist)
PzY-rAZ3SEiLi_fuR2XBhQ	Family Matters (Bloomburrow Commander Precon Decklist)
GAnCfVPj7EGXBf4ftLgn-A	Animated Army (Bloomburrow Commander Precon Decklist)
IXssBxzerEmQEWWklVWQtA	Tyranid Swarm (Warhammer 40,000 Commander Precon Decklis...
tKMx4ukpM0iVdEWPnlRLkw	Tyranid Swarm (Warhammer 40,000 Commander Collector's Ed...
Co8GiCNRIUqzCJBzpdRaAg	The Ruinous Powers (Warhammer 40,000 Commander Precon De...
ZXMJy7aYMEa7Zbxs9GZEmA	The Ruinous Powers (Warhammer 40,000 Commander Collector...
8ufvofa2ZkWCvXRR1lCFKQ	Necron Dynasties (Warhammer 40,000 Commander Precon Deck...
wTPRYlK1MESHmDM2DDeOGQ	Necron Dynasties (Warhammer 40,000 Commander Collector's...
pkvfXrVXCkyG5L3OzShe2Q	Forces of the Imperium (Warhammer 40,000 Commander Preco...
